doi,type,year,source,title
10.1007/s11063-024-11609-w,article,2024.0,Neural Process Lett,Efficient {Visual} {Metaphor} {Image} {Generation} {Based} on {Metaphor} {Understanding}
10.1007/978-981-97-0922-9_22,inproceedings,2024.0,Advances in Mechanical Design,Research on a {Novel} {Analogical} {Reasoning} {Method} for {Biomimetic} {Concept} {Generation}
10.3758/s13423-023-02268-4,article,2023.0,Psychon Bull Rev,The effects of retrieval versus study on analogical problem solving
10.1007/s10936-022-09929-w,article,2023.0,J Psycholinguist Res,Are {Older} {Bilinguals}’ {Better} in {Metaphor} {Generation}?
10.1007/s10462-023-10564-7,article,2023.0,Artif Intell Rev,"A survey on computational metaphor processing techniques: from identification, interpretation, generation to application"
10.1007/978-3-031-16178-0_9,inproceedings,2023.0,Advances in Data Science and Artificial Intelligence,An {Analogous} {Review} of the {Challenges} and {Endeavor} in {Suspense} {Story} {Generation} {Technique}
10.3758/s13421-022-01279-1,article,2022.0,Mem Cogn,The effect of surface similarities on the retrieval of analogous daily-life events
10.1007/978-3-031-34732-0_41,inproceedings,2023.0,Culture and Computing,Present {Causal} {Relationship} {Retrieval} for {Historical} {Analogy}
10.1007/978-981-97-9443-0_15,inproceedings,2025.0,Natural Language Processing and Chinese Computing,Overview of the {NLPCC} 2024 {Shared} {Task} on {Chinese} {Metaphor} {Generation}
10.1007/s12034-024-03292-3,article,2024.0,Bull Mater Sci,Evaluation of heavy metal contamination: an analogy between conventional techniques and paper microfluidics as the futuristic probe for diverse environmental matrices
10.1007/s10010-023-00613-6,article,2023.0,Forsch Ingenieurwes,Analogy test rig for the generation of tooth flank fractures at large gears ({WZL}-double pulsator)—commissioning and first test results
10.1007/978-3-031-61057-8_18,inproceedings,2024.0,Advanced Information Systems Engineering,Data {Friction}: {Physics}-{Inspired} {Metaphor} to {Evaluate} the {Technical} {Difficulties} in {Trustworthy} {Data} {Sharing}
10.1007/978-981-99-0428-0_39,inproceedings,2023.0,"Design in the Era of Industry 4.0, Volume 3",Role of {Random} {Analogy} as {Catalyst} to {Creative} {Idea} {Generation} in the {Early} {Stage} of {New} {Product} {Design}
10.1007/978-981-16-1781-2_56,inproceedings,2022.0,Proceedings of Sixth International Congress on Information and Communication Technology,Mono- and {Cross}-{Language} {Information} {Retrieval} based on {Analogical} {Proportions}: {A} {Review}
10.1007/978-3-031-05061-9_9,inproceedings,2022.0,"Social Computing and Social Media: Design, User Experience and Impact",Temporal and {Geographic} {Oriented} {Event} {Retrieval} for {Historical} {Analogy}
10.1007/978-3-031-47281-7_62,inproceedings,2024.0,Advances in Design and Digital Communication IV,Creating a {Proxy} {Advertisement} for {Cognitive} {Response} {Evaluation} in {Visual} {Metaphor} {Studies} {Under} {Advertisement} {Research}
10.1007/s40732-021-00468-9,article,2022.0,Psychol Rec,Testing and {Training} {Analogical} {Responding} in {Young} {Children} {Using} {A} {Relational} {Evaluation} {Procedure}
10.1007/978-3-031-07036-5_10,incollection,2022.0,"Mechanism, Life and Mind in Modern Natural Philosophy","Experience, {Analogy} and {Mechanism} in {Maupertuis}’s {Theory} of {Generation}"
10.1186/s41235-019-0198-8,article,2019.0,Cogn. Research,Can a relational mindset boost analogical retrieval?
10.1007/s11042-020-09317-3,article,2020.0,Multimed Tools Appl,Experimental analogy of different texture feature extraction techniques in image retrieval systems
10.1007/978-3-030-52545-3_8,incollection,2020.0,Distant Connections: The Memory Basis of Creative Analogy,Epilogue: {Unanswered} {Questions} and {Future} {Challenges} in {Creative} {Analogical} {Retrieval}
10.1007/978-3-030-69709-9_13,incollection,2021.0,"Vegetative Powers: The Roots of Life in Ancient, Medieval and Early Modern Natural Philosophy",Vegetal {Analogy} in {Early} {Modern} {Medicine}: {Generation} as {Plant} {Cutting} in {Sennert}’s {Early} {Treatises} (1611–1619)
10.1007/s11803-020-0552-3,article,2020.0,Earthq. Eng. Eng. Vib.,Experimental evaluation of force analogy method ({FAM}) by element type
10.1007/978-3-030-38189-9_36,inproceedings,2020.0,Chinese Lexical Semantics,“{Love} {Is} as {Complex} as {Math}”: {Metaphor} {Generation} {System} for {Social} {Chatbot}
10.1007/978-3-030-24274-9_13,inproceedings,2019.0,Artificial Intelligence and Security,Legal {Case} {Inspection}: {An} {Analogy}-{Based} {Approach} to {Judgment} {Evaluation}
10.1007/s10111-018-0477-z,article,2018.0,Cogn Tech Work,Differences between beginning and advanced design students in analogical reasoning during idea generation: evidence from eye movements
10.1007/s10668-018-0195-y,article,2018.0,Environ Dev Sustain,Pollutant versus non-pollutant generation technologies: a {CML}-analogous analysis
10.3758/s13428-016-0788-z,article,2017.0,Behav Res,An evaluation of scanpath-comparison and machine-learning classification algorithms used to study the dynamics of analogy making
10.1007/s00163-014-0186-4,article,2015.0,Res Eng Design,Design-by-analogy: experimental evaluation of a functional analogy search methodology for concept generation improvement
10.1007/s00586-015-3966-2,article,2017.0,Eur Spine J,Range of motion after thoracolumbar corpectomy: evaluation of analogous constructs with a novel low-profile anterior dual-rod system and a traditional dual-rod system
10.1007/978-3-642-54516-0_13,incollection,2014.0,Computational Approaches to Analogical Reasoning: Current Trends,An {Information}-{Processing} {Theory} of {Interactive} {Analogical} {Retrieval}
10.1007/978-3-319-01860-7_33,inproceedings,2014.0,Progress in Turbulence V,Sound {Generation} in {Plane} {Couette} {Flow}: {A} {Failure} of {Lighthill}’s {Analogy}
10.1007/978-3-319-13102-3_56,inproceedings,2014.0,Ubiquitous Computing and Ambient Intelligence. Personalisation and User Adapted Services,Evaluation of “{Fair} {Trade}” {Metaphor} as a {Control} {Privacy} {Method} for {Pervasive} {Environments}
10.1007/978-981-4021-93-7_15,incollection,2013.0,"Creativity, Talent and Excellence",Effects of {Video} {Source} {Presentation} and {Cue} {Retrieval} on {Analogical} {Problem} {Solving}
10.1007/978-3-642-40483-2_49,inproceedings,2013.0,Human-Computer Interaction – INTERACT 2013,An {Evaluation} of {Stacking} and {Tiling} {Features} within the {Traditional} {Desktop} {Metaphor}
10.1007/978-3-642-35659-9_9,inproceedings,2012.0,Quantum Interaction,Many {Paths} {Lead} to {Discovery}: {Analogical} {Retrieval} of {Cancer} {Therapies}
10.1007/978-3-642-33266-1_50,inproceedings,2012.0,Artificial Neural Networks and Machine Learning – ICANN 2012,Examining an {Evaluation} {Mechanism} of {Metaphor} {Generation} with {Experiments} and {Computational} {Model} {Simulation}
10.1007/s11023-010-9210-2,article,2010.0,Minds & Machines,"Story {Planning}: {Creativity} {Through} {Exploration}, {Retrieval}, and {Analogical} {Transformation}"
10.1007/978-3-642-25631-8_44,inproceedings,2011.0,Information Retrieval Technology,Maintaining {Passage} {Retrieval} {Information} {Need} {Using} {Analogical} {Reasoning} in a {Question} {Answering} {Task}
10.1007/978-3-642-24971-6_16,inproceedings,2011.0,Quantum Interaction,Senses in {Which} {Quantum} {Theory} {Is} an {Analogy} for {Information} {Retrieval} and {Science}
10.1007/978-3-642-21735-7_46,inproceedings,2011.0,Artificial Neural Networks and Machine Learning – ICANN 2011,Topic-{Dependent} {Document} {Ranking}: {Citation} {Network} {Analysis} by {Analogy} to {Memory} {Retrieval} in the {Brain}
10.1007/s11071-010-9714-6,article,2010.0,Nonlinear Dyn,Experimental characterization of nonlinear systems: a real-time evaluation of the analogous {Chua}’s circuit behavior
10.1007/978-3-642-15822-3_18,inproceedings,2010.0,Artificial Neural Networks – ICANN 2010,A {Computational} {System} of {Metaphor} {Generation} with {Evaluation} {Mechanism}
10.1007/978-3-642-16438-5_43,inproceedings,2010.0,Knowledge Engineering and Management by the Masses,Reasoning by {Analogy} in the {Generation} of {Domain} {Acceptable} {Ontology} {Refinements}
10.1134/S1063783409090133,article,2009.0,Phys. Solid State,Generation of coherent phonons in opaque crystals: {A} radio engineering analogy
10.1007/978-3-642-04274-4_80,inproceedings,2009.0,Artificial Neural Networks – ICANN 2009,A {Neural} {Network} {Model} of {Metaphor} {Generation} with {Dynamic} {Interaction}
10.1007/978-1-4020-6712-9_4,incollection,2008.0,Creative Model Construction in Scientists and Students,Methods {Experts} {Use} to {Evaluate} an {Analogy} {Relation}
10.3758/BF03193098,article,2007.0,Psychonomic Bulletin & Review,Auditory presentation leads to better analogical retrieval than written presentation
10.1007/978-3-540-76833-3_273,incollection,2008.0,Formulas of Acoustics,"Acoustic {Analogy} in {Terms} of {Entropy}, {HeatSources} as {Sound} {Sources}, {Sound} {Generation} by {TurbulentTwo}-{Phase} {Flowentropy}"
10.3758/BF03193454,article,2007.0,Memory & Cognition,Converging on a new role for analogy in problem solving and retrieval: when two problems are better than one
10.1057/9780230591608_6,incollection,2007.0,"Literature, Metaphor, and the Foreign Language Learner",Evaluation of {Metaphor} in {Literature}
10.1007/s10489-006-8868-x,article,2006.0,Appl Intell,Visual analogy: {Viewing} analogical retrieval and mapping as constraint satisfaction problems
10.1007/978-1-4020-4833-3_13,incollection,2007.0,Magnetohydrodynamics: Historical Evolution and Trends,How {Analogous} is {Generation} of {Vorticity} and {Passive} {Vectors} ({Magnetic} {Fields})?
10.1007/978-3-540-74958-5_49,inproceedings,2007.0,Machine Learning: ECML 2007,Learning a {Classifier} with {Very} {Few} {Examples}: {Analogy} {Based} and {Knowledge} {Based} {Generation} of {New} {Examples} for {Character} {Recognition}
10.1007/978-3-540-33866-6_50,inproceedings,2007.0,Wind Energy,Prediction of {Wind} {Turbine} {Noise} {Generation} and {Propagation} based on an {Acoustic} {Analogy}
10.1007/BF03395491,article,2004.0,Psychol Rec,A functional-analytic model of analogy using the {Relational} {Evaluation} {Procedure}
10.1007/978-1-4471-0035-5_16,incollection,2003.0,Designing Information Spaces: The Social Navigation Approach,Navigation: {Within} and {Beyond} the {Metaphor} in {Interface} {Design} and {Evaluation}
10.1007/3-540-44819-5_10,inproceedings,2001.0,Multimedia Databases and Image Communication,Content {Image} {Retrieval}: {A} {New} {Query} {Paradigm} {Toward} {Analogy} {Based} {Indexing}
10.1023/A:1007522626070,article,2000.0,Pharm Res,Evaluation of {Blood}-{Brain} {Barrier} {Passage} of a {Muscarine} {M1} {Agonist} and a {Series} of {Analogous} {Tetrahydropyridines} {Measured} by {In} {Vivo} {Microdialysis}
10.1007/3-540-48834-0_10,inproceedings,1999.0,"Computation for Metaphors, Analogy, and Agents",When {Agents} {Meet} {Cross}-{Cultural} {Metaphor}: {Can} {They} {Be} {Equipped} to {Parse} and {Generate} {It}?
10.1023/A:1018901316114,article,1998.0,Annals of Mathematics and Artificial Intelligence,Route generation and description using a logical and an analogical framework
10.1007/BF01079062,article,1995.0,J Value Inquiry,"Analogy, evaluation, and moral disagreement"
10.1111/j.1468-5876.1995.tb00003.x,article,1995.0,JER,Environmental {Evaluation} and {Social} {Choice}: {Contingent} {Valuation} and the {Market} {Analogy}
10.1007/978-0-585-27366-2_7,incollection,1993.0,Foundations of Knowledge Acquisition: Machine Learning,Problem {Solving} via {Analogical} {Retrieval} and {Analogical} {Search} {Control}
10.1007/978-3-642-58033-8_4,inproceedings,1993.0,Item Banking: Interactive Testing and Self-Assessment,Analogical {Evaluation} {Helps} to {Individualize} {Instruction}
10.1007/BF00702747,article,1992.0,J Clust Sci,High nuclearity clusters of the transition metals and a re-evaluation of the cluster surface analogy
10.1007/3-540-55399-1_16,inproceedings,1992.0,Aspects of Automated Natural Language Generation,Transparently-motivated metaphor generation
10.1007/3-540-52698-6_10,inproceedings,1990.0,Visualization in Human-Computer Interaction,Beyond the desk top metaphor: {Information} retrieval with an icon-based interface
10.1007/3-540-51734-0_67,inproceedings,1989.0,Analogical and Inductive Inference,Analogical reasoning for second generation expert systems
10.1007/3-540-18081-8_82,inproceedings,1987.0,Analogical and Inductive Inference,Using the algorithm of analogy for generation of robot programs
10.3758/BF03202417,article,1984.0,"Behavior Research Methods, Instruments, & Computers",{ANATEST}: {A} program to generate geometric analogy problems varying in number of elements and number of transformations
10.1007/BFb0036349,inproceedings,1983.0,Research and Development in Information Retrieval,Retrieval of abstracts by analogy
10.1007/BF01067586,article,1982.0,J Psycholinguist Res,An evaluation of three different theories of metaphor production through the use of an intentional category mistake procedure
10.1007/BF01002474,article,1971.0,Wärme- und Stoffübertragung,A critical evaluation of analytical solutions and reynolds analogy equations for turbulent heat and mass transfer in smooth tubes
