id,year,title,venue,bibtype,gre_stem
P80-1014,1980,Computational Analogues of Constraints on Grammars: A Model of Syntactic Acquisition,18th Annual Meeting of the Association for Computational Linguistics,inproceedings,0
P81-1015,1981,Analogies in Spontaneous Discourse,19th Annual Meeting of the Association for Computational Linguistics,inproceedings,0
C82-1051,1982,Procedural Meaning Representation by Connotative Dependency Structures. An Empirical Approach to Word Semantics for Analogical Referencing,Coling 1982: Proceedings of the Ninth International Conference on Computational Linguistics,inproceedings,0
C86-1069,1986,Machine Learning of Morphological Rules by Generalization and Analogy,Coling 1986 Volume 1: The 11th International Conference on Computational Linguistics,inproceedings,0
H91-1039,1991,Analog Implementations of Auditory Models,"Speech and Natural Language: Proceedings of a Workshop Held at Pacific Grove, California, February 19-22, 1991",inproceedings,0
J91-2010,1991,Analogical Modeling of Language,Computational Linguistics,article,0
H92-1029,1992,An Analogical Parser for Restricted Domains,"Speech and Natural Language: Proceedings of a Workshop Held at Harriman, New York, February 23-26, 1992",inproceedings,0
C96-1046,1996,Pronouncing Text by Analogy,COLING 1996 Volume 1: The 16th International Conference on Computational Linguistics,inproceedings,0
C96-1064,1996,Resolving syntactic ambiguities with lexico-semantic patterns: an analogy-based approach,COLING 1996 Volume 1: The 16th International Conference on Computational Linguistics,inproceedings,0
C96-2121,1996,Saussurian analogy: a theoretical account and its application,COLING 1996 Volume 2: The 16th International Conference on Computational Linguistics,inproceedings,0
J96-4008,1996,Book Reviews: Analogical Natural Language Processing,Computational Linguistics,article,0
P97-1055,1997,Paradigmatic Cascades: A Linguistically Sound Model of Pronunciation by Analogy,35th Annual Meeting of the Association for Computational Linguistics and 8th Conference of the European Chapter of the Association for Computational Linguistics,inproceedings,0
W97-0403,1997,Towards Translating Spoken Language Pragmatics in an Analogical Framework,Spoken Language Translation,inproceedings,0
W97-0405,1997,A Formal Basis for Spoken Language Translation by Analogy,Spoken Language Translation,inproceedings,0
W97-0813,1997,Inferring Semantic Similarity from Distributional Evidence: an Analogy-based Approach to Word Sense Disambiguation,Automatic Information Extraction and Building of Lexical Semantic Resources for NLP Applications,inproceedings,0
C98-1116,1998,Solving Analogies on Words: An Algorithm,COLING 1998 Volume 1: The 17th International Conference on Computational Linguistics,inproceedings,0
P98-1120,1998,Solving analogies on words: an algorithm,"36th Annual Meeting of the Association for Computational Linguistics and 17th International Conference on Computational Linguistics, Volume 1",inproceedings,0
P98-1121,1998,Un algorithme pour la resolution des analogies entre mots / Algorytm do rozstrzygania analogii pomi edzy s owami / Ein Algorithmus zur Losung von Wort-Analogien / 単語の類推関係解決手法,"36th Annual Meeting of the Association for Computational Linguistics and 17th International Conference on Computational Linguistics, Volume 1",inproceedings,0
Y99-1030,1999,Sub-Sentential Alignment Method by Analogy,"Proceedings of the 13th Pacific Asia Conference on Language, Information and Computation",inproceedings,0
2000.iwpt-1.10,2000,From Cases to Rules and Vice Versa: Robust Practical Parsing With Analogy,Proceedings of the Sixth International Workshop on Parsing Technologies,inproceedings,1
C00-1071,2000,Languages of Analogical Strings,COLING 2000 Volume 1: The 18th International Conference on Computational Linguistics,inproceedings,0
C00-1075,2000,Application of Analogical Modelling to Example Based Machine Translation,COLING 2000 Volume 1: The 18th International Conference on Computational Linguistics,inproceedings,0
J00-2003,2000,A multistrategy approach to improving pronunciation by analogy,Computational Linguistics,article,0
W00-0703,2000,Pronunciation by Analogy in Normal and Impaired Readers,Fourth Conference on Computational Natural Language Learning and the Second Learning Language in Logic Workshop,inproceedings,0
2001.jeptalnrecital-long.20,2001,Analogies morpho-synonymiques. Une methode d'acquisition automatique de liens morphologiques a partir d'un dictionnaire de synonymes,Actes de la 8eme conference sur le Traitement Automatique des Langues Naturelles. Articles longs,inproceedings,0
2001.jeptalnrecital-poster.8,2001,Defense et illustration de l'analogie,Actes de la 8eme conference sur le Traitement Automatique des Langues Naturelles. Posters,inproceedings,1
2003.jeptalnrecital-tutoriel.1,2003,Introduction a la traduction guidee par l'exemple (Traduction par analogie),Actes de la 10eme conference sur le Traitement Automatique des Langues Naturelles. Tutoriels,inproceedings,0
2004.jeptalnrecital-poster.22,2004,Analogies dans les sequences : un solveur a etats finis,Actes de la 11eme conference sur le Traitement Automatique des Langues Naturelles. Posters,inproceedings,0
C04-1106,2004,Lower and higher estimates of the number of ``true analogies'' between sentences contained in a large multilingual corpus,COLING 2004: Proceedings of the 20th International Conference on Computational Linguistics,inproceedings,0
2005.iwslt-1.4,2005,ALEPH: an EBMT system based on the preservation of proportional analogies between sentences across languages,Proceedings of the Second International Workshop on Spoken Language Translation,inproceedings,0
H05-1123,2005,A Generalized Framework for Revealing Analogous Themes across Related Topics,Proceedings of Human Language Technology Conference and Conference on Empirical Methods in Natural Language Processing,inproceedings,0
I05-1029,2005,Analogy as Functional Recategorization: Abstraction with HowNet Semantics,Second International Joint Conference on Natural Language Processing: Full Papers,inproceedings,0
W05-0616,2005,An Analogical Learner for Morphological Analysis,Proceedings of the Ninth Conference on Computational Natural Language Learning (CoNLL-2005),inproceedings,0
2006.jeptalnrecital-tutoriel.1,2006,Analogie en traitement automatique des langues. Application a la traduction automatique,Actes de la 13eme conference sur le Traitement Automatique des Langues Naturelles. Tutoriels,inproceedings,0
2006.tal-1.2,2006,Du quatrieme de proportion comme principe inductif : une proposition et son application a l'apprentissage de la morphologie [Inference with formal analogical proportions: application to the automatic learning of morphology],"Traitement Automatique des Langues, Volume 47, Numero 1 : Varia [Varia]",inproceedings,0
W05-1713,2006,An analytical relation between analogical modeling and memory based learning,Proceedings of the 15th Nordic Conference of Computational Linguistics (NODALIDA 2005),inproceedings,0
2007.jeptalnrecital-long.9,2007,Enrichissement d'un lexique bilingue par analogie,Actes de la 14eme conference sur le Traitement Automatique des Langues Naturelles. Articles longs,inproceedings,0
2007.mtsummit-papers.19,2007,Analogical translation of unknown words in a statistical machine translation framework,Proceedings of Machine Translation Summit XI: Papers,inproceedings,0
2007.mtsummit-ucnlg.10,2007,Evaluation of NLG: some analogies and differences with machine translation and reference resolution,Proceedings of the Workshop on Using corpora for natural language generation,inproceedings,1
D07-1059,2007,Generating Lexical Analogies Using Dependency Relations,Proceedings of the 2007 Joint Conference on Empirical Methods in Natural Language Processing and Computational Natural Language Learning (EMNLP-CoNLL),inproceedings,1
D07-1092,2007,Translating Unknown Words by Analogical Learning,Proceedings of the 2007 Joint Conference on Empirical Methods in Natural Language Processing and Computational Natural Language Learning (EMNLP-CoNLL),inproceedings,0
2008.tal-1.1,2008,Enrichissement d'un lexique bilingue par apprentissage analogique [Enrichment of a Bilingual Lexicon by Analogical Learning],"Traitement Automatique des Langues, Volume 49, Numero 1 : Varia [Varia]",inproceedings,0
C08-1114,2008,"A Uniform Approach to Analogies, Synonyms, Antonyms, and Associations",Proceedings of the 22nd International Conference on Computational Linguistics (Coling 2008),inproceedings,0
C08-2013,2008,Scaling up Analogical Learning,Coling 2008: Companion volume: Posters,inproceedings,0
I08-2102,2008,Summarization by Analogy: An Example-based Approach for News Articles,Proceedings of the Third International Joint Conference on Natural Language Processing: Volume-II,inproceedings,0
P08-1079,2008,Unsupervised Discovery of Generic Relationships Using Pattern Clusters and its Evaluation by Automatically Generated SAT Analogy Questions,Proceedings of ACL-08: HLT,inproceedings,1
W08-2001,2008,Acquistion of the Morphological Structure of the Lexicon Based on Lexical Similarity and Formal Analogy,Coling 2008: Proceedings of the 3rd Textgraphs workshop on Graph-based Algorithms for Natural Language Processing,inproceedings,0
Y08-1007,2008,How Even Revises Expectation in a Scalar Model: Analogy with Japanese Mo,"Proceedings of the 22nd Pacific Asia Conference on Language, Information and Computation",inproceedings,0
2009.jeptalnrecital-court.2,2009,Analyse automatique des noms deverbaux composes : pourquoi et comment faire interagir analogie et systeme de regles,Actes de la 16eme conference sur le Traitement Automatique des Langues Naturelles. Articles courts,inproceedings,0
2009.jeptalnrecital-long.8,2009,Etude quantitative de liens entre l'analogie formelle et la morphologie constructionnelle,Actes de la 16eme conference sur le Traitement Automatique des Langues Naturelles. Articles longs,inproceedings,0
E09-1056,2009,Improvements in Analogical Learning: Application to Translating Multi-Terms of the Medical Domain,Proceedings of the 12th Conference of the European Chapter of the ACL (EACL 2009),inproceedings,0
2010.jeptalnrecital-court.29,2010,Tree analogical learning. Application in NLP,Actes de la 17e conference sur le Traitement Automatique des Langues Naturelles. Articles courts,inproceedings,1
2010.jeptalnrecital-long.38,2010,Apprentissage non supervise de la morphologie d'une langue par generalisation de relations analogiques,Actes de la 17e conference sur le Traitement Automatique des Langues Naturelles. Articles longs,inproceedings,0
P10-2022,2010,Event-Based Hyperspace Analogue to Language for Query Expansion,Proceedings of the ACL 2010 Conference Short Papers,inproceedings,0
W10-0912,2010,Analogical Dialogue Acts: Supporting Learning by Reading Analogies,Proceedings of the NAACL HLT 2010 First International Workshop on Formalisms and Methodology for Learning by Reading,inproceedings,0
Y10-1041,2010,Mitigating Problems in Analogy-based EBMT with SMT and vice versa: A Case Study with Named Entity Transliteration,"Proceedings of the 24th Pacific Asia Conference on Language, Information and Computation",inproceedings,0
2011.jeptalnrecital-long.25,2011,Structure des trigrammes inconnus et lissage par analogie (Structure of unknown trigrams and smoothing by analogy),Actes de la 18e conference sur le Traitement Automatique des Langues Naturelles. Articles longs,inproceedings,0
2011.mtsummit-papers.39,2011,Marker-based Chunking for Analogy-based Translation of Chunks,Proceedings of Machine Translation Summit XIII: Papers,inproceedings,0
2011.tal-2.2,2011,Moranapho: un systeme multilingue d'analyse morphologique base sur l'analogie formelle [Moranapho: a multilingual system for morphological analysis based on formal analogy],Traitement Automatique des Langues,article,0
R11-1048,2011,Morphological Analysis of Biomedical Terminology with Analogy-Based Alignment,Proceedings of the International Conference Recent Advances in Natural Language Processing 2011,inproceedings,0
Y11-1061,2011,Fully-Automatic Marker-based Chunking in 11 European Languages and Counts of the Number of Analogies between Chunks,"Proceedings of the 25th Pacific Asia Conference on Language, Information and Computation",inproceedings,0
Y12-1026,2012,Predicting Answer Location Using Shallow Semantic Analogical Reasoning in a Factoid Question Answering System,"Proceedings of the 26th Pacific Asia Conference on Language, Information, and Computation",inproceedings,0
P13-2120,2013,Mapping Source to Target Strings without Alignment by Analogical Learning: A Case Study with Transliteration,Proceedings of the 51st Annual Meeting of the Association for Computational Linguistics (Volume 2: Short Papers),inproceedings,0
P13-3004,2013,Detecting Metaphor by Contextual Analogy,51st Annual Meeting of the Association for Computational Linguistics Proceedings of the Student Research Workshop,inproceedings,0
Q13-1029,2013,Distributional Semantics Beyond Words: Supervised Learning of Analogy and Paraphrase,Transactions of the Association for Computational Linguistics,article,1
C14-1043,2014,Fourteen Light Tasks for comparing Analogical and Phrase-based Machine Translation,"Proceedings of COLING 2014, the 25th International Conference on Computational Linguistics: Technical Papers",inproceedings,0
E14-1059,2014,Discriminating Rhetorical Analogies in Social Media,Proceedings of the 14th Conference of the European Chapter of the Association for Computational Linguistics,inproceedings,0
F14-1013,2014,Analogy-based Text Normalization : the case of unknowns words (Normalisation de textes par analogie: le cas des mots inconnus) [in French],Proceedings of TALN 2014 (Volume 1: Long Papers),inproceedings,0
F14-4009,2014,Merging structures of lexical derivations by analogical reasoning (Regroupement de structures de derivations lexicales par raisonnement analogique) [in French],Proceedings of TALN 2014 (Volume 4: RECITAL - Student Research Workshop),inproceedings,0
W14-2807,2014,"Rules, Analogy, and Social Factors Codetermine Past-tense Formation Patterns in English",Proceedings of the 2014 Joint Meeting of SIGMORPHON and SIGFSM,inproceedings,0
D15-1291,2015,Syntactic Dependencies and Distributed Word Representations for Analogy Detection and Mining,Proceedings of the 2015 Conference on Empirical Methods in Natural Language Processing,inproceedings,0
W15-5703,2015,Splitting Compounds by Semantic Analogy,Proceedings of the 1st Deep Machine Translation Workshop,inproceedings,0
W15-5907,2015,Word Sense Disambiguation in Hindi Language Using Hyperspace Analogue to Language and Fuzzy C-Means Clustering,Proceedings of the 12th International Conference on Natural Language Processing,inproceedings,0
Y15-1003,2015,Translation of Unseen Bigrams by Analogy Using an SVM Classifier,"Proceedings of the 29th Pacific Asia Conference on Language, Information and Computation",inproceedings,0
Y15-2018,2015,Chinese Word Segmentation based on analogy and majority voting,"Proceedings of the 29th Pacific Asia Conference on Language, Information and Computation: Posters",inproceedings,0
2016.jeptalnrecital-long.9,2016,Evaluation de l'apprentissage incremental par analogie (Incremental Learning From Scratch Using Analogical Reasoning ),Actes de la conference conjointe JEP-TALN-RECITAL 2016. volume 2 : TALN (Articles longs),inproceedings,1
C16-1332,2016,"Word Embeddings, Analogies, and Machine Learning: Beyond king - man + woman = queen","Proceedings of COLING 2016, the 26th International Conference on Computational Linguistics: Technical Papers",inproceedings,1
N16-2002,2016,Analogy-based detection of morphological and semantic relations with word embeddings: what works and what doesn't.,Proceedings of the NAACL Student Research Workshop,inproceedings,0
W16-2503,2016,Issues in evaluating semantic spaces using word analogies,Proceedings of the 1st Workshop on Evaluating Vector-Space Representations for NLP,inproceedings,1
W16-6627,2016,The aNALoGuE Challenge: Non Aligned Language GEneration,Proceedings of the 9th International Natural Language Generation conference,inproceedings,1
D17-1311,2017,Analogs of Linguistic Structure in Deep Representations,Proceedings of the 2017 Conference on Empirical Methods in Natural Language Processing,inproceedings,0
P17-2071,2017,Temporal Word Analogies: Identifying Lexical Replacement with Diachronic Word Embeddings,Proceedings of the 55th Annual Meeting of the Association for Computational Linguistics (Volume 2: Short Papers),inproceedings,0
S17-1001,2017,What Analogies Reveal about Word Vectors and their Compositionality,Proceedings of the 6th Joint Conference on Lexical and Computational Semantics (*SEM 2017),inproceedings,0
S17-1017,2017,The (too Many) Problems of Analogical Reasoning with Word Vectors,Proceedings of the 6th Joint Conference on Lexical and Computational Semantics (*SEM 2017),inproceedings,0
W17-2303,2017,Insights into Analogy Completion from the Biomedical Domain,Proceedings of the 16th BioNLP Workshop,inproceedings,1
W17-5302,2017,Traversal-Free Word Vector Evaluation in Analogy Space,Proceedings of the 2nd Workshop on Evaluating Vector Space Representations for NLP,inproceedings,1
W17-6615,2017,Portuguese Word Embeddings: Evaluating on Word Analogies and Natural Language Tasks,Proceedings of the 11th Brazilian Symposium in Information and Human Language Technology,inproceedings,1
C18-1211,2018,Why does PairDiff work? - A Mathematical Analysis of Bilinear Relational Compositional Operators for Analogy Detection,Proceedings of the 27th International Conference on Computational Linguistics,inproceedings,1
D18-1008,2018,Textual Analogy Parsing: What's Shared and What's Compared among Analogous Facts,Proceedings of the 2018 Conference on Empirical Methods in Natural Language Processing,inproceedings,1
L18-1171,2018,Tools for The Production of Analogical Grids and a Resource of N-gram Analogical Grids in 11 Languages,Proceedings of the Eleventh International Conference on Language Resources and Evaluation (LREC 2018),inproceedings,0
L18-1320,2018,MGAD: Multilingual Generation of Analogy Datasets,Proceedings of the Eleventh International Conference on Language Resources and Evaluation (LREC 2018),inproceedings,1
L18-1406,2018,Can Domain Adaptation be Handled as Analogies?,Proceedings of the Eleventh International Conference on Language Resources and Evaluation (LREC 2018),inproceedings,0
N18-2024,2018,Analogies in Complex Verb Meaning Shifts: the Effect of Affect in Semantic Similarity Models,"Proceedings of the 2018 Conference of the North American Chapter of the Association for Computational Linguistics: Human Language Technologies, Volume 2 (Short Papers)",inproceedings,0
N18-2039,2018,The Word Analogy Testing Caveat,"Proceedings of the 2018 Conference of the North American Chapter of the Association for Computational Linguistics: Human Language Technologies, Volume 2 (Short Papers)",inproceedings,1
P18-2023,2018,Analogical Reasoning on Chinese Morphological and Semantic Relations,Proceedings of the 56th Annual Meeting of the Association for Computational Linguistics (Volume 2: Short Papers),inproceedings,1
U18-1004,2018,Unsupervised Mining of Analogical Frames by Constraint Satisfaction,Proceedings of the Australasian Language Technology Association Workshop 2018,inproceedings,0
W18-0314,2018,Sound Analogies with Phoneme Embeddings,Proceedings of the Society for Computation in Linguistics (SCiL) 2018,inproceedings,0
W18-4004,2018,"Transferred Embeddings for Igbo Similarity, Analogy, and Diacritic Restoration Tasks",Proceedings of the Third Workshop on Semantic Deep Learning,inproceedings,1
W18-4501,2018,Learning Diachronic Analogies to Analyze Concept Change,"Proceedings of the Second Joint SIGHUM Workshop on Computational Linguistics for Cultural Heritage, Social Sciences, Humanities and Literature",inproceedings,1
Y18-1096,2018,Context Encoder for Analogies on Strings,"Proceedings of the 32nd Pacific Asia Conference on Language, Information and Computation",inproceedings,0
K19-1085,2019,Learning Analogy-Preserving Sentence Embeddings for Answer Selection,Proceedings of the 23rd Conference on Computational Natural Language Learning (CoNLL),inproceedings,1
N19-1327,2019,Learning Relational Representations by Analogy using Hierarchical Siamese Networks,"Proceedings of the 2019 Conference of the North American Chapter of the Association for Computational Linguistics: Human Language Technologies, Volume 1 (Long and Short Papers)",inproceedings,1
P19-1315,2019,Towards Understanding Linear Word Analogies,Proceedings of the 57th Annual Meeting of the Association for Computational Linguistics,inproceedings,0
W19-4724,2019,One-to-X Analogical Reasoning on Word Embeddings: a Case for Diachronic Armed Conflict Prediction from News Texts,Proceedings of the 1st International Workshop on Computational Approaches to Historical Language Change,inproceedings,1
2020.bionlp-1.4,2020,Improving Biomedical Analogical Retrieval with Embedding of Structural Dependencies,Proceedings of the 19th SIGBioMed Workshop on Biomedical Language Processing,inproceedings,1
2020.coling-main.257,2020,Analogy Models for Neural Word Inflection,Proceedings of the 28th International Conference on Computational Linguistics,inproceedings,0
2020.coling-main.300,2020,Sentence Analogies: Linguistic Regularities in Sentence Embeddings,Proceedings of the 28th International Conference on Computational Linguistics,inproceedings,1
2020.conll-1.29,2020,Analogies minus analogy test: measuring regularities in word embeddings,Proceedings of the 24th Conference on Computational Natural Language Learning,inproceedings,0
2020.emnlp-main.119,2020,Analogous Process Structure Induction for Sub-event Sequence Prediction,Proceedings of the 2020 Conference on Empirical Methods in Natural Language Processing (EMNLP),inproceedings,1
2020.jeptalnrecital-taln.9,2020,Reseaux de neurones pour la resolution d'analogies entre phrases en traduction automatique par l'exemple (Neural networks for the resolution of analogies between sentences in EBMT ),"Actes de la 6e conference conjointe Journees d'Etudes sur la Parole (JEP, 33e edition), Traitement Automatique des Langues Naturelles (TALN, 27e edition), Rencontre des Etudiants Chercheurs en Informatique pour le Traitement Automatique des Langues (RECITAL, 22e edition). Volume 2 : Traitement Automatique des Langues Naturelles",inproceedings,0
2020.lrec-1.365,2020,CA-EHN: Commonsense Analogy from E-HowNet,Proceedings of the Twelfth Language Resources and Evaluation Conference,inproceedings,0
2020.lrec-1.501,2020,Multilingual Culture-Independent Word Analogy Datasets,Proceedings of the Twelfth Language Resources and Evaluation Conference,inproceedings,1
2020.lrec-1.594,2020,Word Embedding Evaluation in Downstream Tasks and Semantic Analogies,Proceedings of the Twelfth Language Resources and Evaluation Conference,inproceedings,1
2021.acl-long.280,2021,BERT is to NLP what AlexNet is to CV: Can Pre-Trained Language Models Identify Analogies?,Proceedings of the 59th Annual Meeting of the Association for Computational Linguistics and the 11th International Joint Conference on Natural Language Processing (Volume 1: Long Papers),inproceedings,0
2021.eacl-main.182,2021,Paraphrases do not explain word analogies,Proceedings of the 16th Conference of the European Chapter of the Association for Computational Linguistics: Main Volume,inproceedings,0
2021.findings-acl.185,2021,Automatic Document Sketching: Generating Drafts from Analogous Texts,Findings of the Association for Computational Linguistics: ACL-IJCNLP 2021,inproceedings,1
2021.findings-emnlp.171,2021,"Retrieval, Analogy, and Composition: A framework for Compositional Generalization in Image Captioning",Findings of the Association for Computational Linguistics: EMNLP 2021,inproceedings,1
2021.jeptalnrecital-taln.10,2021,Caracterisation des relations semantiques entre termes multi-mots fondee sur l'analogie (Semantic relations recognition between multi-word terms by means of analogy ),Actes de la 28e Conference sur le Traitement Automatique des Langues Naturelles. Volume 1 : conference principale,inproceedings,0
2021.reinact-1.4,2021,Communicative Grounding of Analogical Explanations in Dialogue: A Corpus Study of Conversational Management Acts and Statistical Sequence Models for Tutoring through Analogy,Proceedings of the Reasoning and Interaction Conference (ReInAct 2021),inproceedings,0
2021.sigmorphon-1.18,2021,What transfers in morphological inflection? Experiments with analogical models,"Proceedings of the 18th SIGMORPHON Workshop on Computational Research in Phonetics, Phonology, and Morphology",inproceedings,0
2021.sigmorphon-1.28,2021,Not Quite There Yet: Combining Analogical Patterns and Encoder-Decoder Networks for Cognitively Plausible Inflection,"Proceedings of the 18th SIGMORPHON Workshop on Computational Research in Phonetics, Phonology, and Morphology",inproceedings,0
2022.aacl-main.52,2022,Analogy-Guided Evolutionary Pretraining of Binary Word Embeddings,Proceedings of the 2nd Conference of the Asia-Pacific Chapter of the Association for Computational Linguistics and the 12th International Joint Conference on Natural Language Processing (Volume 1: Long Papers),inproceedings,1
2022.cogalex-1.10,2022,Compositionality as an Analogical Process: Introducing ANNE,Proceedings of the Workshop on Cognitive Aspects of the Lexicon,inproceedings,1
2022.emnlp-main.232,2022,Life is a Circus and We are the Clowns: Automatically Finding Analogies between Situations and Processes,Proceedings of the 2022 Conference on Empirical Methods in Natural Language Processing,inproceedings,0
2022.emnlp-main.643,2022,Analogical Math Word Problems Solving with Enhanced Problem-Solution Association,Proceedings of the 2022 Conference on Empirical Methods in Natural Language Processing,inproceedings,1
2022.findings-acl.311,2022,E-KAR: A Benchmark for Rationalizing Natural Language Analogical Reasoning,Findings of the Association for Computational Linguistics: ACL 2022,inproceedings,1
2022.findings-emnlp.153,2022,Scientific and Creative Analogies in Pretrained Language Models,Findings of the Association for Computational Linguistics: EMNLP 2022,inproceedings,0
2022.findings-emnlp.289,2022,Probing Relational Knowledge in Language Models via Word Analogies,Findings of the Association for Computational Linguistics: EMNLP 2022,inproceedings,0
2022.inlg-main.25,2022,Analogy Generation by Prompting Large Language Models: A Case Study of InstructGPT,Proceedings of the 15th International Conference on Natural Language Generation,inproceedings,1
2022.lrec-1.449,2022,IceBATS: An Icelandic Adaptation of the Bigger Analogy Test Set,Proceedings of the Thirteenth Language Resources and Evaluation Conference,inproceedings,1
2022.sigmorphon-1.22,2022,OSU at SigMorphon 2022: Analogical Inflection With Rule Features,"Proceedings of the 19th SIGMORPHON Workshop on Computational Research in Phonetics, Phonology, and Morphology",inproceedings,0
2022.starsem-1.5,2022,AnaLog: Testing Analytical and Deductive Logic Learnability in Language Models,Proceedings of the 11th Joint Conference on Lexical and Computational Semantics,inproceedings,0
2023.acl-long.109,2023,In-Context Analogical Reasoning with Pre-Trained Language Models,Proceedings of the 61st Annual Meeting of the Association for Computational Linguistics (Volume 1: Long Papers),inproceedings,0
2023.acl-long.65,2023,Improving Continual Relation Extraction by Distinguishing Analogous Semantics,Proceedings of the 61st Annual Meeting of the Association for Computational Linguistics (Volume 1: Long Papers),inproceedings,0
2023.emnlp-main.1022,2023,Can language models learn analogical reasoning? Investigating training objectives and comparisons to human performance,Proceedings of the 2023 Conference on Empirical Methods in Natural Language Processing,inproceedings,1
2023.emnlp-main.1023,2023,"FAME: Flexible, Scalable Analogy Mappings Engine",Proceedings of the 2023 Conference on Empirical Methods in Natural Language Processing,inproceedings,0
2023.emnlp-main.382,2023,Solving Hard Analogy Questions with Relation Embedding Chains,Proceedings of the 2023 Conference on Empirical Methods in Natural Language Processing,inproceedings,0
2023.emnlp-main.706,2023,StoryAnalogy: Deriving Story-level Analogies from Large Language Models to Unlock Analogical Understanding,Proceedings of the 2023 Conference on Empirical Methods in Natural Language Processing,inproceedings,1
2023.emnlp-main.811,2023,On Evaluation of Bangla Word Analogies,Proceedings of the 2023 Conference on Empirical Methods in Natural Language Processing,inproceedings,1
2023.findings-acl.218,2023,ANALOGICAL - A Novel Benchmark for Long Text Analogy Evaluation in Large Language Models,Findings of the Association for Computational Linguistics: ACL 2023,inproceedings,1
2023.findings-acl.705,2023,Learning by Analogy: Diverse Questions Generation in Math Word Problem,Findings of the Association for Computational Linguistics: ACL 2023,inproceedings,1
2023.findings-emnlp.160,2023,Beneath Surface Similarity: Large Language Models Make Reasonable Scientific Analogies after Structure Abduction,Findings of the Association for Computational Linguistics: EMNLP 2023,inproceedings,1
2023.ldk-1.13,2023,MEAN: Metaphoric Erroneous ANalogies dataset for PTLMs metaphor knowledge probing,"Proceedings of the 4th Conference on Language, Data and Knowledge",inproceedings,0
2023.ldk-1.42,2023,"Validation of the Bigger Analogy Test Set Translation into Croatian, Lithuanian and Slovak","Proceedings of the 4th Conference on Language, Data and Knowledge",inproceedings,0
2023.repl4nlp-1.14,2023,Contrastive Loss is All You Need to Recover Analogies as Parallel Lines,Proceedings of the 8th Workshop on Representation Learning for NLP (RepL4NLP 2023),inproceedings,0
2023.scil-1.4,2023,Analogy in Contact: Modeling Maltese Plural Inflection,Proceedings of the Society for Computation in Linguistics 2023,inproceedings,0
2023.starsem-1.25,2023,Mann`` is to ``Donna'' as「国王」is to Reine Adapting the Analogy Task for Multilingual and Contextual Embeddings,Proceedings of the 12th Joint Conference on Lexical and Computational Semantics (*SEM 2023),inproceedings,1
2024.acl-long.574,2024,ARAIDA: Analogical Reasoning-Augmented Interactive Data Annotation,Proceedings of the 62nd Annual Meeting of the Association for Computational Linguistics (Volume 1: Long Papers),inproceedings,1
2024.acl-long.68,2024,ANALOGYKB: Unlocking Analogical Reasoning of Language Models with A Million-scale Knowledge Base,Proceedings of the 62nd Annual Meeting of the Association for Computational Linguistics (Volume 1: Long Papers),inproceedings,1
2024.conll-1.28,2024,How Are Metaphors Processed by Language Models? The Case of Analogies,Proceedings of the 28th Conference on Computational Natural Language Learning,inproceedings,1
2024.eacl-long.103,2024,AnaDE1.0: A Novel Data Set for Benchmarking Analogy Detection and Extraction,Proceedings of the 18th Conference of the European Chapter of the Association for Computational Linguistics (Volume 1: Long Papers),inproceedings,1
2024.emnlp-main.346,2024,Boosting Scientific Concepts Understanding: Can Analogy from Teacher Models Empower Student Models?,Proceedings of the 2024 Conference on Empirical Methods in Natural Language Processing,inproceedings,1
2024.emnlp-main.725,2024,AnaloBench: Benchmarking the Identification of Abstract and Long-context Analogies,Proceedings of the 2024 Conference on Empirical Methods in Natural Language Processing,inproceedings,0
2024.findings-eacl.31,2024,On the Relationship between Sentence Analogy Identification and Sentence Structure Encoding in Large Language Models,Findings of the Association for Computational Linguistics: EACL 2024,inproceedings,0
2024.findings-emnlp.392,2024,From Generation to Selection: Findings of Converting Analogical Problem-Solving into Multiple-Choice Questions,Findings of the Association for Computational Linguistics: EMNLP 2024,inproceedings,1
2024.inlg-genchal.1,2024,Long-Form Analogy Evaluation Challenge,Proceedings of the 17th International Natural Language Generation Conference: Generation Challenges,inproceedings,1
2024.lrec-main.344,2024,Continued Pre-training on Sentence Analogies for Translation with Small Data,"Proceedings of the 2024 Joint International Conference on Computational Linguistics, Language Resources and Evaluation (LREC-COLING 2024)",inproceedings,1
2024.lrec-main.987,2024,Mind Your Neighbours: Leveraging Analogous Instances for Rhetorical Role Labeling for Legal Documents,"Proceedings of the 2024 Joint International Conference on Computational Linguistics, Language Resources and Evaluation (LREC-COLING 2024)",inproceedings,0
2024.naacl-long.329,2024,ParallelPARC: A Scalable Pipeline for Generating Natural-Language Analogies,Proceedings of the 2024 Conference of the North American Chapter of the Association for Computational Linguistics: Human Language Technologies (Volume 1: Long Papers),inproceedings,1
2024.propor-1.21,2024,BATS-PT: Assessing Portuguese Masked Language Models in Lexico-Semantic Analogy Solving and Relation Completion,Proceedings of the 16th International Conference on Computational Processing of Portuguese - Vol. 1,inproceedings,0
2024.propor-2.17,2024,Semantic Exploration of Textual Analogies for Advanced Plagiarism Detection,Proceedings of the 16th International Conference on Computational Processing of Portuguese - Vol. 2,inproceedings,0
2024.tacl-1.59,2024,ARN: Analogical Reasoning on Narratives,Transactions of the Association for Computational Linguistics,article,0
2025.acl-long.200,2025,Past Meets Present: Creating Historical Analogy with Large Language Models,Proceedings of the 63rd Annual Meeting of the Association for Computational Linguistics (Volume 1: Long Papers),inproceedings,1
2025.acl-long.231,2025,AnRe: Analogical Replay for Temporal Knowledge Graph Forecasting,Proceedings of the 63rd Annual Meeting of the Association for Computational Linguistics (Volume 1: Long Papers),inproceedings,1
2025.analogyangle-1.6,2025,HATS : Hindi Analogy Test Set for Evaluating Reasoning in Large Language Models,"Proceedings of the 2nd Workshop on Analogical Abstraction in Cognition, Perception, and Language (Analogy-Angle II)",inproceedings,1
2025.analogyangle-1.7,2025,Simulating Emotional Intelligence in LLMs through Behavioral Conditioning and Analogical Retrieval,"Proceedings of the 2nd Workshop on Analogical Abstraction in Cognition, Perception, and Language (Analogy-Angle II)",inproceedings,1
2025.analogyangle-1.9,2025,Testing Spatial Intuitions of Humans and Large Language and Multimodal Models in Analogies,"Proceedings of the 2nd Workshop on Analogical Abstraction in Cognition, Perception, and Language (Analogy-Angle II)",inproceedings,1
2025.coling-main.181,2025,Reasoning-Oriented and Analogy-Based Methods for Locating and Editing in Zero-Shot Event-Relational Reasoning,Proceedings of the 31st International Conference on Computational Linguistics,inproceedings,0
2025.coling-main.268,2025,KnowledgePrompts: Exploring the Abilities of Large Language Models to Solve Proportional Analogies via Knowledge-Enhanced Prompting,Proceedings of the 31st International Conference on Computational Linguistics,inproceedings,1
2025.coling-main.448,2025,"Automatic Extraction of Metaphoric Analogies from Literary Texts: Task Formulation, Dataset Construction, and Evaluation",Proceedings of the 31st International Conference on Computational Linguistics,inproceedings,1
2025.conll-1.40,2025,Do large language models solve verbal analogies like children do?,Proceedings of the 29th Conference on Computational Natural Language Learning,inproceedings,0
2025.cxgsnlp-1.16,2025,Annotating English Verb-Argument Structure via Usage-Based Analogy,Proceedings of the Second International Workshop on Construction Grammars and NLP,inproceedings,0
2025.emnlp-main.759,2025,Vision-and-Language Navigation with Analogical Textual Descriptions in LLMs,Proceedings of the 2025 Conference on Empirical Methods in Natural Language Processing,inproceedings,1
2025.findings-acl.1230,2025,Relevant or Random: Can LLMs Truly Perform Analogical Reasoning?,Findings of the Association for Computational Linguistics: ACL 2025,inproceedings,1
2025.findings-acl.238,2025,DeFine: Decision-Making with Analogical Reasoning over Factor Profiles,Findings of the Association for Computational Linguistics: ACL 2025,inproceedings,0
2025.findings-acl.819,2025,Can Language Models Serve as Analogy Annotators?,Findings of the Association for Computational Linguistics: ACL 2025,inproceedings,1
2025.findings-emnlp.232,2025,MetaLadder: Ascending Mathematical Solution Quality via Analogical-Problem Reasoning Transfer,Findings of the Association for Computational Linguistics: EMNLP 2025,inproceedings,1
2025.inlg-main.28,2025,From Prototypical to Relational: How LLMs Navigate Complex Analogies,Proceedings of the 18th International Natural Language Generation Conference,inproceedings,1
2025.jeptalnrecital-taln.2,2025,ALF : Un jeu de donnees d'analogies fran caises a grain fin pour l'evaluation de la connaissance lexicale des grands modeles de langue,"Actes des 32eme Conference sur le Traitement Automatique des Langues Naturelles (TALN), volume 1 : articles scientifiques originaux",inproceedings,1
2025.knowllm-1.8,2025,Can LLMs Recognize Their Own Analogical Hallucinations? Evaluating Uncertainty Estimation for Analogical Reasoning,Proceedings of the 3rd Workshop on Towards Knowledgeable Foundation Models (KnowFM),inproceedings,1
2025.naacl-long.54,2025,AnaScore: Understanding Semantic Parallelism in Proportional Analogies,Proceedings of the 2025 Conference of the Nations of the Americas Chapter of the Association for Computational Linguistics: Human Language Technologies (Volume 1: Long Papers),inproceedings,1
2025.scil-1.8,2025,Is analogy enough to draw novel adjective-noun inferences?,Proceedings of the Society for Computation in Linguistics 2025,inproceedings,0
2025.semeval-1.314,2025,LA I F at SemEval-2025 Task 5: Reasoning in Embedding Space -- Fusing Analogical and Ontology-based Reasoning for Document Subject Tagging,Proceedings of the 19th International Workshop on Semantic Evaluation (SemEval-2025),inproceedings,1
2026.acl-long.1692,2026,CHAIRO: Contextual Hierarchical Analogical Induction and Reasoning Optimization for LLMs,Proceedings of the 64th Annual Meeting of the Association for Computational Linguistics (Volume 1: Long Papers),inproceedings,1
2026.acl-long.633,2026,Mitigating Legal Hallucinations via Symbolic Constraints and Analogical Precedents,Proceedings of the 64th Annual Meeting of the Association for Computational Linguistics (Volume 1: Long Papers),inproceedings,1
2026.acl-short.21,2026,Attention Under Attack: Analog Noise Effects and Mechanistic Vulnerabilities in Transformer Models,Proceedings of the 64th Annual Meeting of the Association for Computational Linguistics (Volume 2: Short Papers),inproceedings,1
2026.bea-1.59,2026,Teaching Through Analogies: A Modular Pipeline for Educational Analogy Generation,Proceedings of the 21st Workshop on Innovative Use of NLP for Building Educational Applications (BEA 2026),inproceedings,1
2026.eacl-long.22,2026,"Analogical Structure, Minimal Contextual Cues and Contrastive Distractors: Input Design for Sample-Efficient Linguistic Rule Induction",Proceedings of the 19th Conference of the European Chapter of the Association for Computational Linguistics (Volume 1: Long Papers),inproceedings,1
2026.findings-acl.1442,2026,CARO: Chain-of-Analogy Reasoning Optimization for Robust Content Moderation,Findings of the Association for Computational Linguistics: ACL 2026,inproceedings,1
2026.lrec-1.291,2026,FrameNet Semantic Role Classification by Analogy,Proceedings of the Fifteenth Language Resources and Evaluation Conference,inproceedings,0
2026.sigdial-1.20,2026,Retrieving Responses Useful as References in Counseling via LLM-Generated Structurally Analogous Dialogues,Proceedings of the 27th Annual Meeting of the Special Interest Group on Discourse and Dialogue,inproceedings,1
2026.tacl-1.28,2026,Can Large Language Models Generalize Analogy Solving Like Children Can?,Transactions of the Association for Computational Linguistics,article,0
2026.tacl-1.32,2026,Modelling Analogies and Analogical Reasoning: Connecting Cognitive Science Theory and NLP Research,Transactions of the Association for Computational Linguistics,article,0
